twok,nat_Hypatia,SEP_Hypatia,SEP_Mosek
4,2.129438877105713,9.805006980895996,
6,61.73870396614075,,
