twok,nat_Hypatia,SEP_Hypatia,SEP_Mosek
12,0.8807590007781982,292.51170897483826,
18,6.575861930847168,,
24,35.10925316810608,,
30,347.6389181613922,,
