twok,nat_Hypatia,SEP_Hypatia,SEP_Mosek
8,0.9980020523071289,132.82599902153015,
12,16.159543991088867,,
16,192.29951810836792,,
