twok,nat_Hypatia,SEP_Hypatia,SEP_Mosek
20,0.2561309337615967,72.58844494819641,7.4351770877838135
40,2.9012460708618164,,
60,11.21421504020691,,
80,63.96511101722717,,
100,246.81355500221252,,
