twok,nat_Hypatia,SEP_Hypatia,SEP_Mosek
250,0.20384502410888672,,111.8954918384552
500,1.0926289558410645,,
1000,5.107048988342285,,
2000,22.835628032684326,,
4000,184.67914009094238,,
6000,662.8457651138306,,
