k,nat_Hypatia,EP_Hypatia,EP_Mosek,SEP_Hypatia,SEP_Mosek
50,0.2880089282989502,4.492584943771362,11.879439115524292,,
100,0.9063229560852051,91.48859715461731,277.2723579406738,,
150,2.9655299186706543,690.1591079235077,1825.3912599086761,,
200,7.200063943862915,,,,
300,36.164376974105835,,,,
400,81.42129802703857,,,,
500,169.41405701637268,,,,
600,298.2157950401306,,,,
700,623.8282668590546,,,,
800,837.9407560825348,,,,
900,1281.8236260414124,,,,
1000,1838.1400578022003,,,,
