k,nat_Hypatia,SEP_Hypatia,SEP_Mosek
50,0.14335894584655762,1.0905640125274658,0.6302099227905273
100,0.48591017723083496,17.048590898513794,6.7045488357543945
150,1.2441699504852295,98.31087112426758,35.78514289855957
250,3.3085708618164062,1331.3106451034546,307.5456700325012
500,16.849844932556152,,
1000,128.97253108024597,,
1500,209.27094316482544,,
2000,394.88140296936035,,
2500,948.6917011737823,,
3000,1374.6485030651093,,
