k,nat_Hypatia,EP_Hypatia,EP_Mosek,SEP_Hypatia,SEP_Mosek
5,0.07665586471557617,0.8187170028686523,14.010808944702148,0.8592419624328613,7.551772117614746
10,2.163785934448242,24.997430086135864,448.06270599365234,26.969351053237915,203.21679186820984
15,23.775547981262207,178.60860085487366,,176.4718780517578,1375.1814959049225
20,119.09839296340942,785.5471749305725,,923.876170873642,
25,448.4390149116516,,,,
30,1305.383206129074,,,,
