k,nat_Hypatia,EP_Hypatia,EP_Mosek,SEP_Hypatia,SEP_Mosek
5,0.028681039810180664,0.14432406425476074,0.8679788112640381,0.15483498573303223,0.704848051071167
10,0.396665096282959,2.1543240547180176,20.06652283668518,2.3382279872894287,11.43827509880066
15,2.6226720809936523,16.379831075668335,120.17860889434814,18.00906801223755,57.89598608016968
20,13.674695014953613,69.778972864151,524.1563060283661,77.91501903533936,250.84816598892212
25,52.445096015930176,225.04251194000244,1758.3060660362244,387.18021416664124,769.7010929584503
30,165.9747130870819,555.7961711883545,,587.3795490264893,1712.423019170761
35,401.9859268665314,1228.4351208209991,,,
40,949.3299541473389,,,,
45,1805.5909881591797,,,,
