k,nat_Hypatia,SEP_Hypatia,SEP_Mosek
50,1.3651790618896484,3.705299139022827,1.5684170722961426
100,4.921076059341431,22.877111196517944,12.222712993621826
150,7.023509979248047,123.4176070690155,47.4989058971405
250,41.49623107910156,1412.1496670246124,408.75055289268494
500,107.13723707199097,,
750,231.6689808368683,,
1000,768.3358800411224,,
1250,1097.6906769275665,,
1500,1636.753895998001,,
