k,nat_Hypatia,SEP_Hypatia,SEP_Mosek
1,0.707158088684082,0.9812021255493164,0.1614980697631836
