k,nat_Hypatia,SEP_Hypatia,SEP_Mosek
1,0.10206103324890137,0.6847670078277588,0.019449949264526367
2,86.1702299118042,174.06823086738586,191.93862795829773
