k,nat_Hypatia,SEP_Hypatia,SEP_Mosek
1,13.839930057525635,3.079874038696289,2.9893271923065186
