k,nat_Hypatia,SEP_Hypatia,SEP_Mosek
6,0.32120299339294434,1.6086010932922363,9.110353946685791
9,3.056472063064575,103.60313701629639,799.118409872055
12,20.069243907928467,1775.4918019771576,
15,88.76288199424744,,
18,,,
