k,nat_Hypatia,SEP_Hypatia,SEP_Mosek
15,0.367779016494751,5.039225101470947,87.44700908660889
30,10.240787982940674,751.2507328987122,
45,58.35544681549072,,
60,299.80124592781067,,
75,1019.0089249610901,,
