k,nat_Hypatia,SEP_Hypatia,SEP_Mosek
4,0.41100192070007324,1.729867935180664,3.89154314994812
6,4.829642057418823,222.48728108406067,579.4299211502075
8,62.61423301696777,,
10,457.92217683792114,,
