k,nat_Hypatia,SEP_Hypatia,SEP_Mosek
2,0.45684003829956055,0.6976301670074463,0.9429059028625488
3,14.763605117797852,148.38391613960266,124.64691495895386
4,632.684839963913,,
