k,nat_Hypatia,SEP_Hypatia,SEP_Mosek
100,0.06677913665771484,1.2133839130401611,27.118343830108643
200,0.32090115547180176,12.551415920257568,409.3331780433655
500,2.4055299758911133,328.9262320995331,
1000,11.118019104003906,,
2000,73.3398380279541,,
3000,235.45807790756226,,
4000,508.317018032074,,
5000,915.543741941452,,
