twok,nat_Hypatia,SEP_Hypatia,SEP_Mosek
4,345.87423610687256,,767.1196157932281
