twok,nat_Hypatia,SEP_Hypatia,SEP_Mosek
6,0.3776438236236572,7.8497209548950195,3.6973960399627686
8,3.0631160736083984,1621.0805730819702,
10,34.76709294319153,,
12,282.9623601436615,,
14,1430.3632411956787,,
