twok,nat_Hypatia,SEP_Hypatia,SEP_Mosek
4,0.25848388671875,0.6541998386383057,0.6068651676177979
6,15.00100588798523,1629.7687430381775,259.9513850212097
8,637.9265840053558,,
