twok,nat_Hypatia,SEP_Hypatia,SEP_Mosek
4,2.11440110206604,8.028019905090332,4.0808022022247314
6,514.6257832050323,,
