twok,nat_Hypatia,SEP_Hypatia,SEP_Mosek
4,13.278011083602905,86.58993601799011,24.503918170928955
