twok,nat_Hypatia,SEP_Hypatia,SEP_Mosek
4,73.17084002494812,503.97181606292725,125.23424696922302
