twok,nat_Hypatia,SEP_Hypatia,SEP_Mosek
8,0.14700007438659668,14.17399787902832,4.298372030258179
12,3.5495340824127197,,
16,43.92845892906189,,
20,325.0591950416565,,
24,1605.1598811149597,,
