twok,nat_Hypatia,SEP_Hypatia,SEP_Mosek
10,0.021463871002197266,0.558258056640625,0.356154203414917
20,0.548224925994873,1347.8727011680603,
30,5.584251165390015,,
40,34.26583504676819,,
50,,,
60,938.8010210990906,,
